"","phecode","male_only","female_only"
"1","008",FALSE,FALSE
"2","008.5",FALSE,FALSE
"3","008.51",FALSE,FALSE
"4","008.52",FALSE,FALSE
"5","008.6",FALSE,FALSE
"6","008.7",FALSE,FALSE
"7","010",FALSE,FALSE
"8","031",FALSE,FALSE
"9","031.1",FALSE,FALSE
"10","038",FALSE,FALSE
"11","038.1",FALSE,FALSE
"12","038.2",FALSE,FALSE
"13","038.3",FALSE,FALSE
"14","041",FALSE,FALSE
"15","041.1",FALSE,FALSE
"16","041.11",FALSE,FALSE
"17","041.12",FALSE,FALSE
"18","041.2",FALSE,FALSE
"19","041.21",FALSE,FALSE
"20","041.4",FALSE,FALSE
"21","041.8",FALSE,FALSE
"22","041.9",FALSE,FALSE
"23","053",FALSE,FALSE
"24","053.1",FALSE,FALSE
"25","054",FALSE,FALSE
"26","070",FALSE,FALSE
"27","070.1",FALSE,FALSE
"28","070.2",FALSE,FALSE
"29","070.3",FALSE,FALSE
"30","070.4",FALSE,FALSE
"31","070.9",FALSE,FALSE
"32","071",FALSE,FALSE
"33","071.1",FALSE,FALSE
"34","078",FALSE,FALSE
"35","079",FALSE,FALSE
"36","079.1",FALSE,FALSE
"37","079.2",FALSE,FALSE
"38","079.9",FALSE,FALSE
"39","080",FALSE,FALSE
"40","081",FALSE,FALSE
"41","081.1",FALSE,FALSE
"42","081.11",FALSE,FALSE
"43","081.12",FALSE,FALSE
"44","090",FALSE,FALSE
"45","090.2",FALSE,FALSE
"46","090.3",FALSE,FALSE
"47","110",FALSE,FALSE
"48","110.1",FALSE,FALSE
"49","110.11",FALSE,FALSE
"50","110.12",FALSE,FALSE
"51","110.13",FALSE,FALSE
"52","110.2",FALSE,FALSE
"53","112",FALSE,FALSE
"54","112.3",FALSE,FALSE
"55","117",FALSE,FALSE
"56","117.1",FALSE,FALSE
"57","117.2",FALSE,FALSE
"58","117.3",FALSE,FALSE
"59","117.4",FALSE,FALSE
"60","130",FALSE,FALSE
"61","130.1",FALSE,FALSE
"62","131",FALSE,FALSE
"63","132",FALSE,FALSE
"64","132.1",FALSE,FALSE
"65","133",FALSE,FALSE
"66","134",FALSE,FALSE
"67","134.1",FALSE,FALSE
"68","136",FALSE,FALSE
"69","145",FALSE,FALSE
"70","145.1",FALSE,FALSE
"71","145.2",FALSE,FALSE
"72","145.3",FALSE,FALSE
"73","145.4",FALSE,FALSE
"74","145.5",FALSE,FALSE
"75","149",FALSE,FALSE
"76","149.1",FALSE,FALSE
"77","149.2",FALSE,FALSE
"78","149.3",FALSE,FALSE
"79","149.4",FALSE,FALSE
"80","149.5",FALSE,FALSE
"81","149.9",FALSE,FALSE
"82","150",FALSE,FALSE
"83","151",FALSE,FALSE
"84","153",FALSE,FALSE
"85","153.2",FALSE,FALSE
"86","153.3",FALSE,FALSE
"87","155",FALSE,FALSE
"88","155.1",FALSE,FALSE
"89","157",FALSE,FALSE
"90","158",FALSE,FALSE
"91","159",FALSE,FALSE
"92","159.2",FALSE,FALSE
"93","159.3",FALSE,FALSE
"94","159.4",FALSE,FALSE
"95","164",FALSE,FALSE
"96","165",FALSE,FALSE
"97","165.1",FALSE,FALSE
"98","170",FALSE,FALSE
"99","170.1",FALSE,FALSE
"100","170.2",FALSE,FALSE
"101","172",FALSE,FALSE
"102","172.1",FALSE,FALSE
"103","172.11",FALSE,FALSE
"104","172.2",FALSE,FALSE
"105","172.21",FALSE,FALSE
"106","172.22",FALSE,FALSE
"107","172.3",FALSE,FALSE
"108","173",FALSE,FALSE
"109","174",FALSE,FALSE
"110","174.1",FALSE,TRUE
"111","174.11",FALSE,TRUE
"112","174.2",TRUE,FALSE
"113","174.3",FALSE,FALSE
"114","175",FALSE,TRUE
"115","180",FALSE,TRUE
"116","180.1",FALSE,TRUE
"117","180.3",FALSE,TRUE
"118","182",FALSE,TRUE
"119","184",FALSE,TRUE
"120","184.1",FALSE,TRUE
"121","184.11",FALSE,TRUE
"122","184.2",FALSE,TRUE
"123","185",TRUE,FALSE
"124","187",TRUE,FALSE
"125","187.1",TRUE,FALSE
"126","187.2",TRUE,FALSE
"127","187.8",TRUE,FALSE
"128","189",FALSE,FALSE
"129","189.1",FALSE,FALSE
"130","189.11",FALSE,FALSE
"131","189.12",FALSE,FALSE
"132","189.2",FALSE,FALSE
"133","189.21",FALSE,FALSE
"134","189.4",FALSE,FALSE
"135","190",FALSE,FALSE
"136","191",FALSE,FALSE
"137","191.1",FALSE,FALSE
"138","191.11",FALSE,FALSE
"139","193",FALSE,FALSE
"140","194",FALSE,FALSE
"141","195",FALSE,FALSE
"142","195.1",FALSE,FALSE
"143","195.3",FALSE,FALSE
"144","196",FALSE,FALSE
"145","197",FALSE,FALSE
"146","198",FALSE,FALSE
"147","198.1",FALSE,FALSE
"148","198.2",FALSE,FALSE
"149","198.3",FALSE,FALSE
"150","198.4",FALSE,FALSE
"151","198.5",FALSE,FALSE
"152","198.6",FALSE,FALSE
"153","198.7",FALSE,FALSE
"154","199",FALSE,FALSE
"155","199.4",FALSE,FALSE
"156","200",FALSE,FALSE
"157","200.1",FALSE,FALSE
"158","201",FALSE,FALSE
"159","202",FALSE,FALSE
"160","202.2",FALSE,FALSE
"161","202.21",FALSE,FALSE
"162","202.22",FALSE,FALSE
"163","202.23",FALSE,FALSE
"164","202.24",FALSE,FALSE
"165","204",FALSE,FALSE
"166","204.1",FALSE,FALSE
"167","204.11",FALSE,FALSE
"168","204.12",FALSE,FALSE
"169","204.2",FALSE,FALSE
"170","204.21",FALSE,FALSE
"171","204.22",FALSE,FALSE
"172","204.3",FALSE,FALSE
"173","204.4",FALSE,FALSE
"174","208",FALSE,FALSE
"175","209",FALSE,FALSE
"176","210",FALSE,FALSE
"177","211",FALSE,FALSE
"178","212",FALSE,FALSE
"179","213",FALSE,FALSE
"180","214",FALSE,FALSE
"181","214.1",FALSE,FALSE
"182","215",FALSE,FALSE
"183","216",FALSE,FALSE
"184","216.1",FALSE,FALSE
"185","217",FALSE,FALSE
"186","217.1",FALSE,FALSE
"187","218",FALSE,TRUE
"188","218.1",FALSE,TRUE
"189","218.2",FALSE,TRUE
"190","220",FALSE,TRUE
"191","221",FALSE,TRUE
"192","222",TRUE,FALSE
"193","223",FALSE,FALSE
"194","224",FALSE,FALSE
"195","224.1",FALSE,FALSE
"196","225",FALSE,FALSE
"197","225.1",FALSE,FALSE
"198","225.2",FALSE,FALSE
"199","226",FALSE,FALSE
"200","227",FALSE,FALSE
"201","227.1",FALSE,FALSE
"202","227.2",FALSE,FALSE
"203","227.3",FALSE,FALSE
"204","228",FALSE,FALSE
"205","228.1",FALSE,FALSE
"206","229",FALSE,FALSE
"207","229.1",FALSE,FALSE
"208","230",FALSE,FALSE
"209","240",FALSE,FALSE
"210","241",FALSE,FALSE
"211","241.1",FALSE,FALSE
"212","241.2",FALSE,FALSE
"213","242",FALSE,FALSE
"214","242.1",FALSE,FALSE
"215","242.2",FALSE,FALSE
"216","242.3",FALSE,FALSE
"217","242.31",FALSE,FALSE
"218","244",FALSE,FALSE
"219","244.1",FALSE,FALSE
"220","244.2",FALSE,FALSE
"221","244.3",FALSE,FALSE
"222","244.4",FALSE,FALSE
"223","244.5",FALSE,FALSE
"224","245",FALSE,FALSE
"225","245.1",FALSE,FALSE
"226","245.2",FALSE,FALSE
"227","245.21",FALSE,FALSE
"228","246",FALSE,FALSE
"229","246.2",FALSE,FALSE
"230","246.7",FALSE,FALSE
"231","249",FALSE,FALSE
"232","250",FALSE,FALSE
"233","250.1",FALSE,FALSE
"234","250.11",FALSE,FALSE
"235","250.12",FALSE,FALSE
"236","250.13",FALSE,FALSE
"237","250.14",FALSE,FALSE
"238","250.15",FALSE,FALSE
"239","250.2",FALSE,FALSE
"240","250.21",FALSE,FALSE
"241","250.22",FALSE,FALSE
"242","250.23",FALSE,FALSE
"243","250.24",FALSE,FALSE
"244","250.25",FALSE,FALSE
"245","250.3",FALSE,FALSE
"246","250.4",FALSE,FALSE
"247","250.41",FALSE,FALSE
"248","250.42",FALSE,FALSE
"249","250.5",FALSE,FALSE
"250","250.6",FALSE,FALSE
"251","250.7",FALSE,FALSE
"252","251",FALSE,FALSE
"253","251.1",FALSE,FALSE
"254","251.8",FALSE,FALSE
"255","252",FALSE,FALSE
"256","252.1",FALSE,FALSE
"257","252.2",FALSE,FALSE
"258","253",FALSE,FALSE
"259","253.1",FALSE,FALSE
"260","253.11",FALSE,FALSE
"261","253.2",FALSE,FALSE
"262","253.3",FALSE,FALSE
"263","253.4",FALSE,FALSE
"264","253.5",FALSE,FALSE
"265","253.7",FALSE,FALSE
"266","254",FALSE,FALSE
"267","255",FALSE,FALSE
"268","255.1",FALSE,FALSE
"269","255.11",FALSE,FALSE
"270","255.12",FALSE,FALSE
"271","255.13",FALSE,FALSE
"272","255.2",FALSE,FALSE
"273","255.21",FALSE,FALSE
"274","255.22",FALSE,FALSE
"275","255.3",FALSE,FALSE
"276","256",FALSE,TRUE
"277","256.1",FALSE,FALSE
"278","256.4",FALSE,TRUE
"279","257",TRUE,FALSE
"280","257.1",TRUE,FALSE
"281","258",FALSE,FALSE
"282","258.1",FALSE,TRUE
"283","259",FALSE,FALSE
"284","259.1",FALSE,FALSE
"285","259.2",FALSE,FALSE
"286","259.3",FALSE,FALSE
"287","259.4",FALSE,FALSE
"288","259.8",FALSE,FALSE
"289","260",FALSE,FALSE
"290","260.1",FALSE,FALSE
"291","260.2",FALSE,FALSE
"292","260.21",FALSE,FALSE
"293","260.22",FALSE,FALSE
"294","260.3",FALSE,FALSE
"295","260.6",FALSE,FALSE
"296","260.7",FALSE,FALSE
"297","261",FALSE,FALSE
"298","261.1",FALSE,FALSE
"299","261.2",FALSE,FALSE
"300","261.3",FALSE,FALSE
"301","261.4",FALSE,FALSE
"302","261.41",FALSE,FALSE
"303","262",FALSE,FALSE
"304","263",FALSE,FALSE
"305","264",FALSE,FALSE
"306","264.1",FALSE,FALSE
"307","264.2",FALSE,FALSE
"308","264.3",FALSE,FALSE
"309","264.9",FALSE,FALSE
"310","269",FALSE,FALSE
"311","270",FALSE,FALSE
"312","270.1",FALSE,FALSE
"313","270.11",FALSE,FALSE
"314","270.12",FALSE,FALSE
"315","270.2",FALSE,FALSE
"316","270.21",FALSE,FALSE
"317","270.3",FALSE,FALSE
"318","270.31",FALSE,FALSE
"319","270.32",FALSE,FALSE
"320","270.33",FALSE,FALSE
"321","270.34",FALSE,FALSE
"322","270.35",FALSE,FALSE
"323","270.38",FALSE,FALSE
"324","271",FALSE,FALSE
"325","271.3",FALSE,FALSE
"326","271.9",FALSE,FALSE
"327","272",FALSE,FALSE
"328","272.1",FALSE,FALSE
"329","272.11",FALSE,FALSE
"330","272.12",FALSE,FALSE
"331","272.13",FALSE,FALSE
"332","272.14",FALSE,FALSE
"333","272.9",FALSE,FALSE
"334","274",FALSE,FALSE
"335","274.1",FALSE,FALSE
"336","274.11",FALSE,FALSE
"337","274.2",FALSE,FALSE
"338","274.21",FALSE,FALSE
"339","275",FALSE,FALSE
"340","275.1",FALSE,FALSE
"341","275.11",FALSE,FALSE
"342","275.2",FALSE,FALSE
"343","275.3",FALSE,FALSE
"344","275.5",FALSE,FALSE
"345","275.51",FALSE,FALSE
"346","275.53",FALSE,FALSE
"347","275.6",FALSE,FALSE
"348","276",FALSE,FALSE
"349","276.1",FALSE,FALSE
"350","276.11",FALSE,FALSE
"351","276.12",FALSE,FALSE
"352","276.13",FALSE,FALSE
"353","276.14",FALSE,FALSE
"354","276.4",FALSE,FALSE
"355","276.41",FALSE,FALSE
"356","276.42",FALSE,FALSE
"357","276.5",FALSE,FALSE
"358","276.6",FALSE,FALSE
"359","276.8",FALSE,FALSE
"360","277",FALSE,FALSE
"361","277.1",FALSE,FALSE
"362","277.2",FALSE,FALSE
"363","277.4",FALSE,FALSE
"364","277.5",FALSE,FALSE
"365","277.51",FALSE,FALSE
"366","277.6",FALSE,FALSE
"367","277.7",FALSE,FALSE
"368","277.8",FALSE,FALSE
"369","278",FALSE,FALSE
"370","278.1",FALSE,FALSE
"371","278.11",FALSE,FALSE
"372","278.3",FALSE,FALSE
"373","278.4",FALSE,FALSE
"374","279",FALSE,FALSE
"375","279.1",FALSE,FALSE
"376","279.11",FALSE,FALSE
"377","279.2",FALSE,FALSE
"378","279.7",FALSE,FALSE
"379","279.8",FALSE,FALSE
"380","280",FALSE,FALSE
"381","280.1",FALSE,FALSE
"382","280.2",FALSE,FALSE
"383","281",FALSE,FALSE
"384","281.1",FALSE,FALSE
"385","281.11",FALSE,FALSE
"386","281.12",FALSE,FALSE
"387","281.13",FALSE,FALSE
"388","281.9",FALSE,FALSE
"389","282",FALSE,FALSE
"390","282.5",FALSE,FALSE
"391","282.8",FALSE,FALSE
"392","282.9",FALSE,FALSE
"393","283",FALSE,FALSE
"394","283.1",FALSE,FALSE
"395","283.2",FALSE,FALSE
"396","283.21",FALSE,FALSE
"397","284",FALSE,FALSE
"398","284.1",FALSE,FALSE
"399","284.2",FALSE,FALSE
"400","285",FALSE,FALSE
"401","285.1",FALSE,FALSE
"402","285.2",FALSE,FALSE
"403","285.21",FALSE,FALSE
"404","285.22",FALSE,FALSE
"405","285.3",FALSE,FALSE
"406","285.8",FALSE,FALSE
"407","286",FALSE,FALSE
"408","286.1",FALSE,FALSE
"409","286.11",FALSE,FALSE
"410","286.12",FALSE,FALSE
"411","286.13",FALSE,FALSE
"412","286.2",FALSE,FALSE
"413","286.3",FALSE,TRUE
"414","286.4",FALSE,FALSE
"415","286.5",FALSE,FALSE
"416","286.6",FALSE,FALSE
"417","286.7",FALSE,FALSE
"418","286.8",FALSE,FALSE
"419","286.81",FALSE,FALSE
"420","286.9",FALSE,FALSE
"421","287",FALSE,FALSE
"422","287.1",FALSE,FALSE
"423","287.2",FALSE,FALSE
"424","287.3",FALSE,FALSE
"425","287.31",FALSE,FALSE
"426","287.32",FALSE,FALSE
"427","287.4",FALSE,FALSE
"428","288",FALSE,FALSE
"429","288.1",FALSE,FALSE
"430","288.11",FALSE,FALSE
"431","288.2",FALSE,FALSE
"432","288.3",FALSE,FALSE
"433","289",FALSE,FALSE
"434","289.1",FALSE,FALSE
"435","289.3",FALSE,FALSE
"436","289.4",FALSE,FALSE
"437","289.5",FALSE,FALSE
"438","289.8",FALSE,FALSE
"439","289.9",FALSE,FALSE
"440","290",FALSE,FALSE
"441","290.1",FALSE,FALSE
"442","290.11",FALSE,FALSE
"443","290.12",FALSE,FALSE
"444","290.13",FALSE,FALSE
"445","290.16",FALSE,FALSE
"446","290.2",FALSE,FALSE
"447","290.3",FALSE,FALSE
"448","291",FALSE,FALSE
"449","291.1",FALSE,FALSE
"450","291.4",FALSE,FALSE
"451","291.8",FALSE,FALSE
"452","292",FALSE,FALSE
"453","292.1",FALSE,FALSE
"454","292.11",FALSE,FALSE
"455","292.12",FALSE,FALSE
"456","292.2",FALSE,FALSE
"457","292.3",FALSE,FALSE
"458","292.4",FALSE,FALSE
"459","292.5",FALSE,FALSE
"460","292.6",FALSE,FALSE
"461","293",FALSE,FALSE
"462","293.1",FALSE,FALSE
"463","295",FALSE,FALSE
"464","295.1",FALSE,FALSE
"465","295.2",FALSE,FALSE
"466","295.3",FALSE,FALSE
"467","296",FALSE,FALSE
"468","296.1",FALSE,FALSE
"469","296.2",FALSE,FALSE
"470","296.22",FALSE,FALSE
"471","297",FALSE,FALSE
"472","297.1",FALSE,FALSE
"473","297.2",FALSE,FALSE
"474","300",FALSE,FALSE
"475","300.1",FALSE,FALSE
"476","300.11",FALSE,FALSE
"477","300.12",FALSE,FALSE
"478","300.13",FALSE,FALSE
"479","300.2",FALSE,FALSE
"480","300.3",FALSE,FALSE
"481","300.4",FALSE,FALSE
"482","300.8",FALSE,FALSE
"483","300.9",FALSE,FALSE
"484","301",FALSE,FALSE
"485","301.1",FALSE,FALSE
"486","301.2",FALSE,FALSE
"487","302",FALSE,FALSE
"488","302.1",FALSE,FALSE
"489","303",FALSE,FALSE
"490","303.1",FALSE,FALSE
"491","303.3",FALSE,FALSE
"492","303.31",FALSE,FALSE
"493","303.4",FALSE,FALSE
"494","304",FALSE,FALSE
"495","305.2",FALSE,FALSE
"496","305.21",FALSE,FALSE
"497","306",FALSE,FALSE
"498","306.1",FALSE,TRUE
"499","306.9",FALSE,FALSE
"500","312",FALSE,FALSE
"501","312.3",FALSE,FALSE
"502","313",FALSE,FALSE
"503","313.1",FALSE,FALSE
"504","313.2",FALSE,FALSE
"505","313.3",FALSE,FALSE
"506","315",FALSE,FALSE
"507","315.1",FALSE,FALSE
"508","315.2",FALSE,FALSE
"509","315.3",FALSE,FALSE
"510","316",FALSE,FALSE
"511","316.1",FALSE,FALSE
"512","317",FALSE,FALSE
"513","317.1",FALSE,FALSE
"514","317.11",FALSE,FALSE
"515","318",FALSE,FALSE
"516","320",FALSE,FALSE
"517","323",FALSE,FALSE
"518","323.2",FALSE,FALSE
"519","323.8",FALSE,FALSE
"520","324",FALSE,FALSE
"521","324.1",FALSE,FALSE
"522","325",FALSE,FALSE
"523","327",FALSE,FALSE
"524","327.1",FALSE,FALSE
"525","327.3",FALSE,FALSE
"526","327.31",FALSE,FALSE
"527","327.32",FALSE,FALSE
"528","327.4",FALSE,FALSE
"529","327.41",FALSE,FALSE
"530","327.5",FALSE,FALSE
"531","327.6",FALSE,FALSE
"532","327.7",FALSE,FALSE
"533","327.71",FALSE,FALSE
"534","327.72",FALSE,FALSE
"535","331",FALSE,FALSE
"536","331.1",FALSE,FALSE
"537","331.9",FALSE,FALSE
"538","332",FALSE,FALSE
"539","333",FALSE,FALSE
"540","333.1",FALSE,FALSE
"541","333.2",FALSE,FALSE
"542","333.3",FALSE,FALSE
"543","333.4",FALSE,FALSE
"544","333.8",FALSE,FALSE
"545","334",FALSE,FALSE
"546","334.1",FALSE,FALSE
"547","334.2",FALSE,FALSE
"548","334.21",FALSE,FALSE
"549","335",FALSE,FALSE
"550","337",FALSE,FALSE
"551","337.1",FALSE,FALSE
"552","338",FALSE,FALSE
"553","338.1",FALSE,FALSE
"554","338.2",FALSE,FALSE
"555","339",FALSE,FALSE
"556","340",FALSE,FALSE
"557","340.1",FALSE,FALSE
"558","341",FALSE,FALSE
"559","342",FALSE,FALSE
"560","343",FALSE,FALSE
"561","344",FALSE,FALSE
"562","345",FALSE,FALSE
"563","345.1",FALSE,FALSE
"564","345.11",FALSE,FALSE
"565","345.12",FALSE,FALSE
"566","345.3",FALSE,FALSE
"567","346",FALSE,FALSE
"568","346.1",FALSE,FALSE
"569","346.2",FALSE,FALSE
"570","346.3",FALSE,FALSE
"571","347",FALSE,FALSE
"572","348",FALSE,FALSE
"573","348.2",FALSE,FALSE
"574","348.4",FALSE,FALSE
"575","348.7",FALSE,FALSE
"576","348.8",FALSE,FALSE
"577","348.9",FALSE,FALSE
"578","349",FALSE,FALSE
"579","350",FALSE,FALSE
"580","350.1",FALSE,FALSE
"581","350.2",FALSE,FALSE
"582","350.3",FALSE,FALSE
"583","350.5",FALSE,FALSE
"584","350.6",FALSE,FALSE
"585","351",FALSE,FALSE
"586","352",FALSE,FALSE
"587","352.1",FALSE,FALSE
"588","352.2",FALSE,FALSE
"589","353",FALSE,FALSE
"590","353.1",FALSE,FALSE
"591","353.2",FALSE,FALSE
"592","355",FALSE,FALSE
"593","355.1",FALSE,FALSE
"594","356",FALSE,FALSE
"595","357",FALSE,FALSE
"596","358",FALSE,FALSE
"597","358.1",FALSE,FALSE
"598","359",FALSE,FALSE
"599","359.1",FALSE,FALSE
"600","359.2",FALSE,FALSE
"601","360",FALSE,FALSE
"602","360.2",FALSE,FALSE
"603","360.3",FALSE,FALSE
"604","361",FALSE,FALSE
"605","361.1",FALSE,FALSE
"606","361.2",FALSE,FALSE
"607","362",FALSE,FALSE
"608","362.1",FALSE,FALSE
"609","362.2",FALSE,FALSE
"610","362.21",FALSE,FALSE
"611","362.22",FALSE,FALSE
"612","362.23",FALSE,FALSE
"613","362.26",FALSE,FALSE
"614","362.27",FALSE,FALSE
"615","362.29",FALSE,FALSE
"616","362.3",FALSE,FALSE
"617","362.31",FALSE,FALSE
"618","362.4",FALSE,FALSE
"619","362.5",FALSE,FALSE
"620","362.6",FALSE,FALSE
"621","362.7",FALSE,FALSE
"622","362.8",FALSE,FALSE
"623","362.9",FALSE,FALSE
"624","363",FALSE,FALSE
"625","363.3",FALSE,FALSE
"626","363.4",FALSE,FALSE
"627","364",FALSE,FALSE
"628","364.1",FALSE,FALSE
"629","364.2",FALSE,FALSE
"630","364.4",FALSE,FALSE
"631","364.41",FALSE,FALSE
"632","364.5",FALSE,FALSE
"633","364.51",FALSE,FALSE
"634","364.9",FALSE,FALSE
"635","365",FALSE,FALSE
"636","365.1",FALSE,FALSE
"637","365.11",FALSE,FALSE
"638","365.2",FALSE,FALSE
"639","365.5",FALSE,FALSE
"640","366",FALSE,FALSE
"641","366.1",FALSE,FALSE
"642","366.2",FALSE,FALSE
"643","366.3",FALSE,FALSE
"644","367",FALSE,FALSE
"645","367.1",FALSE,FALSE
"646","367.2",FALSE,FALSE
"647","367.8",FALSE,FALSE
"648","367.9",FALSE,FALSE
"649","368",FALSE,FALSE
"650","368.1",FALSE,FALSE
"651","368.2",FALSE,FALSE
"652","368.3",FALSE,FALSE
"653","368.4",FALSE,FALSE
"654","368.5",FALSE,FALSE
"655","368.7",FALSE,FALSE
"656","368.9",FALSE,FALSE
"657","368.91",FALSE,FALSE
"658","369",FALSE,FALSE
"659","369.2",FALSE,FALSE
"660","369.5",FALSE,FALSE
"661","370",FALSE,FALSE
"662","370.1",FALSE,FALSE
"663","370.2",FALSE,FALSE
"664","370.3",FALSE,FALSE
"665","370.31",FALSE,FALSE
"666","371",FALSE,FALSE
"667","371.1",FALSE,FALSE
"668","371.2",FALSE,FALSE
"669","371.21",FALSE,FALSE
"670","371.3",FALSE,FALSE
"671","371.33",FALSE,FALSE
"672","371.9",FALSE,FALSE
"673","372",FALSE,FALSE
"674","374",FALSE,FALSE
"675","374.1",FALSE,FALSE
"676","374.2",FALSE,FALSE
"677","374.3",FALSE,FALSE
"678","374.6",FALSE,FALSE
"679","375",FALSE,FALSE
"680","375.1",FALSE,FALSE
"681","375.2",FALSE,FALSE
"682","376",FALSE,FALSE
"683","377",FALSE,FALSE
"684","377.1",FALSE,FALSE
"685","377.3",FALSE,FALSE
"686","378",FALSE,FALSE
"687","378.1",FALSE,FALSE
"688","378.2",FALSE,FALSE
"689","378.5",FALSE,FALSE
"690","379",FALSE,FALSE
"691","379.1",FALSE,FALSE
"692","379.2",FALSE,FALSE
"693","379.3",FALSE,FALSE
"694","379.4",FALSE,FALSE
"695","379.5",FALSE,FALSE
"696","379.51",FALSE,FALSE
"697","379.9",FALSE,FALSE
"698","380",FALSE,FALSE
"699","380.1",FALSE,FALSE
"700","380.4",FALSE,FALSE
"701","381",FALSE,FALSE
"702","381.1",FALSE,FALSE
"703","381.11",FALSE,FALSE
"704","381.2",FALSE,FALSE
"705","381.3",FALSE,FALSE
"706","381.9",FALSE,FALSE
"707","382",FALSE,FALSE
"708","383",FALSE,FALSE
"709","384",FALSE,FALSE
"710","384.1",FALSE,FALSE
"711","384.4",FALSE,FALSE
"712","385",FALSE,FALSE
"713","385.3",FALSE,FALSE
"714","385.5",FALSE,FALSE
"715","386",FALSE,FALSE
"716","386.1",FALSE,FALSE
"717","386.2",FALSE,FALSE
"718","386.21",FALSE,FALSE
"719","386.3",FALSE,FALSE
"720","386.9",FALSE,FALSE
"721","388",FALSE,FALSE
"722","389",FALSE,FALSE
"723","389.1",FALSE,FALSE
"724","389.2",FALSE,FALSE
"725","389.3",FALSE,FALSE
"726","389.4",FALSE,FALSE
"727","389.5",FALSE,FALSE
"728","394",FALSE,FALSE
"729","394.1",FALSE,FALSE
"730","394.2",FALSE,FALSE
"731","394.3",FALSE,FALSE
"732","394.4",FALSE,FALSE
"733","394.7",FALSE,FALSE
"734","395",FALSE,FALSE
"735","395.1",FALSE,FALSE
"736","395.2",FALSE,FALSE
"737","395.3",FALSE,FALSE
"738","395.4",FALSE,FALSE
"739","395.6",FALSE,FALSE
"740","396",FALSE,FALSE
"741","401",FALSE,FALSE
"742","401.1",FALSE,FALSE
"743","401.2",FALSE,FALSE
"744","401.21",FALSE,FALSE
"745","401.22",FALSE,FALSE
"746","401.3",FALSE,FALSE
"747","411",FALSE,FALSE
"748","411.1",FALSE,FALSE
"749","411.2",FALSE,FALSE
"750","411.3",FALSE,FALSE
"751","411.4",FALSE,FALSE
"752","411.41",FALSE,FALSE
"753","411.8",FALSE,FALSE
"754","411.9",FALSE,FALSE
"755","414",FALSE,FALSE
"756","414.2",FALSE,FALSE
"757","415",FALSE,FALSE
"758","415.1",FALSE,FALSE
"759","415.11",FALSE,FALSE
"760","415.2",FALSE,FALSE
"761","415.21",FALSE,FALSE
"762","416",FALSE,FALSE
"763","418",FALSE,FALSE
"764","418.1",FALSE,FALSE
"765","420",FALSE,FALSE
"766","420.1",FALSE,FALSE
"767","420.2",FALSE,FALSE
"768","420.21",FALSE,FALSE
"769","420.22",FALSE,FALSE
"770","420.3",FALSE,FALSE
"771","425",FALSE,FALSE
"772","425.1",FALSE,FALSE
"773","425.11",FALSE,FALSE
"774","425.12",FALSE,FALSE
"775","425.2",FALSE,FALSE
"776","425.8",FALSE,FALSE
"777","426",FALSE,FALSE
"778","426.2",FALSE,FALSE
"779","426.21",FALSE,FALSE
"780","426.22",FALSE,FALSE
"781","426.23",FALSE,FALSE
"782","426.24",FALSE,FALSE
"783","426.25",FALSE,FALSE
"784","426.3",FALSE,FALSE
"785","426.31",FALSE,FALSE
"786","426.32",FALSE,FALSE
"787","426.4",FALSE,FALSE
"788","426.7",FALSE,FALSE
"789","426.8",FALSE,FALSE
"790","426.9",FALSE,FALSE
"791","426.91",FALSE,FALSE
"792","426.92",FALSE,FALSE
"793","427",FALSE,FALSE
"794","427.1",FALSE,FALSE
"795","427.11",FALSE,FALSE
"796","427.12",FALSE,FALSE
"797","427.2",FALSE,FALSE
"798","427.21",FALSE,FALSE
"799","427.22",FALSE,FALSE
"800","427.3",FALSE,FALSE
"801","427.4",FALSE,FALSE
"802","427.41",FALSE,FALSE
"803","427.42",FALSE,FALSE
"804","427.5",FALSE,FALSE
"805","427.6",FALSE,FALSE
"806","427.61",FALSE,FALSE
"807","427.7",FALSE,FALSE
"808","427.8",FALSE,FALSE
"809","427.9",FALSE,FALSE
"810","428",FALSE,FALSE
"811","428.1",FALSE,FALSE
"812","428.2",FALSE,FALSE
"813","428.3",FALSE,FALSE
"814","428.4",FALSE,FALSE
"815","429",FALSE,FALSE
"816","429.1",FALSE,FALSE
"817","429.2",FALSE,FALSE
"818","429.3",FALSE,FALSE
"819","429.9",FALSE,FALSE
"820","430",FALSE,FALSE
"821","430.1",FALSE,FALSE
"822","430.2",FALSE,FALSE
"823","430.3",FALSE,FALSE
"824","433",FALSE,FALSE
"825","433.1",FALSE,FALSE
"826","433.11",FALSE,FALSE
"827","433.12",FALSE,FALSE
"828","433.2",FALSE,FALSE
"829","433.21",FALSE,FALSE
"830","433.3",FALSE,FALSE
"831","433.31",FALSE,FALSE
"832","433.32",FALSE,FALSE
"833","433.5",FALSE,FALSE
"834","433.6",FALSE,FALSE
"835","433.8",FALSE,FALSE
"836","440",FALSE,FALSE
"837","440.1",FALSE,FALSE
"838","440.2",FALSE,FALSE
"839","440.21",FALSE,FALSE
"840","440.22",FALSE,FALSE
"841","440.9",FALSE,FALSE
"842","441",FALSE,FALSE
"843","441.1",FALSE,FALSE
"844","441.2",FALSE,FALSE
"845","442",FALSE,FALSE
"846","442.1",FALSE,FALSE
"847","442.11",FALSE,FALSE
"848","442.2",FALSE,FALSE
"849","442.3",FALSE,FALSE
"850","442.4",FALSE,FALSE
"851","442.8",FALSE,FALSE
"852","443",FALSE,FALSE
"853","443.1",FALSE,FALSE
"854","443.7",FALSE,FALSE
"855","443.8",FALSE,FALSE
"856","443.9",FALSE,FALSE
"857","444",FALSE,FALSE
"858","444.1",FALSE,FALSE
"859","444.2",FALSE,FALSE
"860","444.5",FALSE,FALSE
"861","446",FALSE,FALSE
"862","446.1",FALSE,FALSE
"863","446.2",FALSE,FALSE
"864","446.3",FALSE,FALSE
"865","446.4",FALSE,FALSE
"866","446.5",FALSE,FALSE
"867","446.6",FALSE,FALSE
"868","446.7",FALSE,FALSE
"869","446.8",FALSE,FALSE
"870","446.9",FALSE,FALSE
"871","447",FALSE,FALSE
"872","447.1",FALSE,FALSE
"873","447.7",FALSE,FALSE
"874","448",FALSE,FALSE
"875","450",FALSE,FALSE
"876","451",FALSE,FALSE
"877","451.2",FALSE,FALSE
"878","452",FALSE,FALSE
"879","452.1",FALSE,FALSE
"880","452.2",FALSE,FALSE
"881","452.8",FALSE,FALSE
"882","453",FALSE,FALSE
"883","454",FALSE,FALSE
"884","454.1",FALSE,FALSE
"885","454.11",FALSE,FALSE
"886","455",FALSE,FALSE
"887","456",FALSE,FALSE
"888","457",FALSE,FALSE
"889","457.2",FALSE,FALSE
"890","457.3",FALSE,FALSE
"891","458",FALSE,FALSE
"892","458.1",FALSE,FALSE
"893","458.2",FALSE,FALSE
"894","458.9",FALSE,FALSE
"895","459",FALSE,FALSE
"896","459.1",FALSE,FALSE
"897","459.7",FALSE,FALSE
"898","459.9",FALSE,FALSE
"899","464",FALSE,FALSE
"900","465",FALSE,FALSE
"901","465.2",FALSE,FALSE
"902","465.4",FALSE,FALSE
"903","470",FALSE,FALSE
"904","471",FALSE,FALSE
"905","472",FALSE,FALSE
"906","473",FALSE,FALSE
"907","473.1",FALSE,FALSE
"908","473.3",FALSE,FALSE
"909","473.4",FALSE,FALSE
"910","474",FALSE,FALSE
"911","474.1",FALSE,FALSE
"912","474.2",FALSE,FALSE
"913","475",FALSE,FALSE
"914","475.9",FALSE,FALSE
"915","476",FALSE,FALSE
"916","477",FALSE,FALSE
"917","478",FALSE,FALSE
"918","479",FALSE,FALSE
"919","480",FALSE,FALSE
"920","480.1",FALSE,FALSE
"921","480.11",FALSE,FALSE
"922","480.12",FALSE,FALSE
"923","480.13",FALSE,FALSE
"924","480.2",FALSE,FALSE
"925","480.3",FALSE,FALSE
"926","480.5",FALSE,FALSE
"927","481",FALSE,FALSE
"928","483",FALSE,FALSE
"929","495",FALSE,FALSE
"930","495.1",FALSE,FALSE
"931","495.11",FALSE,FALSE
"932","495.2",FALSE,FALSE
"933","496",FALSE,FALSE
"934","496.1",FALSE,FALSE
"935","496.2",FALSE,FALSE
"936","496.21",FALSE,FALSE
"937","496.3",FALSE,FALSE
"938","497",FALSE,FALSE
"939","498",FALSE,FALSE
"940","499",FALSE,FALSE
"941","500",FALSE,FALSE
"942","500.1",FALSE,FALSE
"943","500.2",FALSE,FALSE
"944","501",FALSE,FALSE
"945","502",FALSE,FALSE
"946","503",FALSE,FALSE
"947","504",FALSE,FALSE
"948","504.1",FALSE,FALSE
"949","505",FALSE,FALSE
"950","506",FALSE,FALSE
"951","507",FALSE,FALSE
"952","508",FALSE,FALSE
"953","509",FALSE,FALSE
"954","509.1",FALSE,FALSE
"955","509.2",FALSE,FALSE
"956","509.3",FALSE,FALSE
"957","509.5",FALSE,FALSE
"958","509.8",FALSE,FALSE
"959","510",FALSE,FALSE
"960","510.2",FALSE,FALSE
"961","512",FALSE,FALSE
"962","512.1",FALSE,FALSE
"963","512.2",FALSE,FALSE
"964","512.3",FALSE,FALSE
"965","512.7",FALSE,FALSE
"966","512.8",FALSE,FALSE
"967","512.9",FALSE,FALSE
"968","513",FALSE,FALSE
"969","513.3",FALSE,FALSE
"970","513.31",FALSE,FALSE
"971","513.32",FALSE,FALSE
"972","513.4",FALSE,FALSE
"973","513.8",FALSE,FALSE
"974","514",FALSE,FALSE
"975","514.1",FALSE,FALSE
"976","514.2",FALSE,FALSE
"977","516",FALSE,FALSE
"978","516.1",FALSE,FALSE
"979","519",FALSE,FALSE
"980","519.1",FALSE,FALSE
"981","519.2",FALSE,FALSE
"982","519.8",FALSE,FALSE
"983","519.9",FALSE,FALSE
"984","520",FALSE,FALSE
"985","520.1",FALSE,FALSE
"986","520.2",FALSE,FALSE
"987","521",FALSE,FALSE
"988","521.1",FALSE,FALSE
"989","521.2",FALSE,FALSE
"990","521.4",FALSE,FALSE
"991","522",FALSE,FALSE
"992","522.1",FALSE,FALSE
"993","522.5",FALSE,FALSE
"994","523",FALSE,FALSE
"995","523.1",FALSE,FALSE
"996","523.3",FALSE,FALSE
"997","523.31",FALSE,FALSE
"998","523.32",FALSE,FALSE
"999","524",FALSE,FALSE
"1000","524.3",FALSE,FALSE
"1001","525",FALSE,FALSE
"1002","525.1",FALSE,FALSE
"1003","525.2",FALSE,FALSE
"1004","526",FALSE,FALSE
"1005","526.1",FALSE,FALSE
"1006","526.3",FALSE,FALSE
"1007","526.4",FALSE,FALSE
"1008","526.41",FALSE,FALSE
"1009","526.42",FALSE,FALSE
"1010","526.5",FALSE,FALSE
"1011","526.8",FALSE,FALSE
"1012","526.9",FALSE,FALSE
"1013","527",FALSE,FALSE
"1014","527.1",FALSE,FALSE
"1015","527.2",FALSE,FALSE
"1016","527.7",FALSE,FALSE
"1017","527.8",FALSE,FALSE
"1018","528",FALSE,FALSE
"1019","528.1",FALSE,FALSE
"1020","528.11",FALSE,FALSE
"1021","528.12",FALSE,FALSE
"1022","528.3",FALSE,FALSE
"1023","528.4",FALSE,FALSE
"1024","528.41",FALSE,FALSE
"1025","528.5",FALSE,FALSE
"1026","528.6",FALSE,FALSE
"1027","528.7",FALSE,FALSE
"1028","529",FALSE,FALSE
"1029","529.1",FALSE,FALSE
"1030","529.6",FALSE,FALSE
"1031","530",FALSE,FALSE
"1032","530.1",FALSE,FALSE
"1033","530.11",FALSE,FALSE
"1034","530.12",FALSE,FALSE
"1035","530.13",FALSE,FALSE
"1036","530.14",FALSE,FALSE
"1037","530.15",FALSE,FALSE
"1038","530.2",FALSE,FALSE
"1039","530.3",FALSE,FALSE
"1040","530.5",FALSE,FALSE
"1041","530.6",FALSE,FALSE
"1042","530.7",FALSE,FALSE
"1043","530.9",FALSE,FALSE
"1044","531",FALSE,FALSE
"1045","531.1",FALSE,FALSE
"1046","531.2",FALSE,FALSE
"1047","531.3",FALSE,FALSE
"1048","531.4",FALSE,FALSE
"1049","531.5",FALSE,FALSE
"1050","532",FALSE,FALSE
"1051","535",FALSE,FALSE
"1052","535.1",FALSE,FALSE
"1053","535.2",FALSE,FALSE
"1054","535.6",FALSE,FALSE
"1055","535.8",FALSE,FALSE
"1056","535.9",FALSE,FALSE
"1057","536",FALSE,FALSE
"1058","536.3",FALSE,FALSE
"1059","536.7",FALSE,FALSE
"1060","536.8",FALSE,FALSE
"1061","537",FALSE,FALSE
"1062","537.1",FALSE,FALSE
"1063","539",FALSE,FALSE
"1064","540",FALSE,FALSE
"1065","540.1",FALSE,FALSE
"1066","540.11",FALSE,FALSE
"1067","550",FALSE,FALSE
"1068","550.1",FALSE,FALSE
"1069","550.2",FALSE,FALSE
"1070","550.3",FALSE,FALSE
"1071","550.4",FALSE,FALSE
"1072","550.5",FALSE,FALSE
"1073","550.6",FALSE,FALSE
"1074","555",FALSE,FALSE
"1075","555.1",FALSE,FALSE
"1076","555.2",FALSE,FALSE
"1077","555.21",FALSE,FALSE
"1078","556",FALSE,FALSE
"1079","556.1",FALSE,FALSE
"1080","556.11",FALSE,FALSE
"1081","557",FALSE,FALSE
"1082","557.1",FALSE,FALSE
"1083","558",FALSE,FALSE
"1084","559",FALSE,FALSE
"1085","560",FALSE,FALSE
"1086","560.1",FALSE,FALSE
"1087","560.2",FALSE,FALSE
"1088","560.3",FALSE,FALSE
"1089","560.4",FALSE,FALSE
"1090","561",FALSE,FALSE
"1091","562",FALSE,FALSE
"1092","562.1",FALSE,FALSE
"1093","562.2",FALSE,FALSE
"1094","564",FALSE,FALSE
"1095","564.1",FALSE,FALSE
"1096","564.9",FALSE,FALSE
"1097","565",FALSE,FALSE
"1098","565.1",FALSE,FALSE
"1099","567",FALSE,FALSE
"1100","568",FALSE,FALSE
"1101","568.1",FALSE,FALSE
"1102","569",FALSE,FALSE
"1103","569.1",FALSE,FALSE
"1104","569.2",FALSE,FALSE
"1105","571",FALSE,FALSE
"1106","571.5",FALSE,FALSE
"1107","571.51",FALSE,FALSE
"1108","571.6",FALSE,FALSE
"1109","571.8",FALSE,FALSE
"1110","571.81",FALSE,FALSE
"1111","572",FALSE,FALSE
"1112","573",FALSE,FALSE
"1113","573.1",FALSE,FALSE
"1114","573.2",FALSE,FALSE
"1115","573.3",FALSE,FALSE
"1116","573.4",FALSE,FALSE
"1117","573.5",FALSE,FALSE
"1118","573.6",FALSE,FALSE
"1119","573.7",FALSE,FALSE
"1120","573.9",FALSE,FALSE
"1121","574",FALSE,FALSE
"1122","574.1",FALSE,FALSE
"1123","574.11",FALSE,FALSE
"1124","574.12",FALSE,FALSE
"1125","574.2",FALSE,FALSE
"1126","574.3",FALSE,FALSE
"1127","575",FALSE,FALSE
"1128","575.1",FALSE,FALSE
"1129","575.2",FALSE,FALSE
"1130","575.6",FALSE,FALSE
"1131","575.7",FALSE,FALSE
"1132","575.8",FALSE,FALSE
"1133","575.9",FALSE,FALSE
"1134","577",FALSE,FALSE
"1135","577.1",FALSE,FALSE
"1136","577.2",FALSE,FALSE
"1137","577.3",FALSE,FALSE
"1138","578",FALSE,FALSE
"1139","578.1",FALSE,FALSE
"1140","578.2",FALSE,FALSE
"1141","578.8",FALSE,FALSE
"1142","578.9",FALSE,FALSE
"1143","579",FALSE,FALSE
"1144","579.2",FALSE,FALSE
"1145","579.8",FALSE,FALSE
"1146","580",FALSE,FALSE
"1147","580.1",FALSE,FALSE
"1148","580.11",FALSE,FALSE
"1149","580.12",FALSE,FALSE
"1150","580.13",FALSE,FALSE
"1151","580.14",FALSE,FALSE
"1152","580.2",FALSE,FALSE
"1153","580.3",FALSE,FALSE
"1154","580.31",FALSE,FALSE
"1155","580.32",FALSE,FALSE
"1156","580.4",FALSE,FALSE
"1157","585",FALSE,FALSE
"1158","585.1",FALSE,FALSE
"1159","585.2",FALSE,FALSE
"1160","585.3",FALSE,FALSE
"1161","585.31",FALSE,FALSE
"1162","585.32",FALSE,FALSE
"1163","585.33",FALSE,FALSE
"1164","585.34",FALSE,FALSE
"1165","585.4",FALSE,FALSE
"1166","586",FALSE,FALSE
"1167","586.1",FALSE,FALSE
"1168","586.11",FALSE,FALSE
"1169","586.12",FALSE,FALSE
"1170","586.2",FALSE,FALSE
"1171","586.3",FALSE,FALSE
"1172","586.4",FALSE,FALSE
"1173","587",FALSE,FALSE
"1174","588",FALSE,FALSE
"1175","588.1",FALSE,FALSE
"1176","588.2",FALSE,FALSE
"1177","589",FALSE,FALSE
"1178","590",FALSE,FALSE
"1179","591",FALSE,FALSE
"1180","592",FALSE,FALSE
"1181","592.1",FALSE,FALSE
"1182","592.11",FALSE,FALSE
"1183","592.12",FALSE,FALSE
"1184","592.13",FALSE,FALSE
"1185","592.2",FALSE,FALSE
"1186","592.21",FALSE,FALSE
"1187","592.3",FALSE,FALSE
"1188","593",FALSE,FALSE
"1189","593.1",FALSE,FALSE
"1190","593.2",FALSE,FALSE
"1191","594",FALSE,FALSE
"1192","594.1",FALSE,FALSE
"1193","594.2",FALSE,FALSE
"1194","594.3",FALSE,FALSE
"1195","594.8",FALSE,FALSE
"1196","595",FALSE,FALSE
"1197","596",FALSE,FALSE
"1198","596.1",FALSE,FALSE
"1199","596.5",FALSE,FALSE
"1200","597",FALSE,FALSE
"1201","597.1",FALSE,FALSE
"1202","597.2",FALSE,FALSE
"1203","597.8",FALSE,FALSE
"1204","598",FALSE,FALSE
"1205","598.4",FALSE,FALSE
"1206","599",FALSE,FALSE
"1207","599.1",FALSE,FALSE
"1208","599.2",FALSE,FALSE
"1209","599.3",FALSE,FALSE
"1210","599.4",FALSE,FALSE
"1211","599.5",FALSE,FALSE
"1212","599.6",FALSE,FALSE
"1213","599.7",FALSE,FALSE
"1214","599.8",FALSE,FALSE
"1215","599.9",FALSE,FALSE
"1216","600",TRUE,FALSE
"1217","601",TRUE,FALSE
"1218","601.1",TRUE,FALSE
"1219","601.11",TRUE,FALSE
"1220","601.12",TRUE,FALSE
"1221","601.3",TRUE,FALSE
"1222","601.4",TRUE,FALSE
"1223","601.8",TRUE,FALSE
"1224","602",TRUE,FALSE
"1225","602.3",TRUE,FALSE
"1226","603",TRUE,FALSE
"1227","603.1",TRUE,FALSE
"1228","603.2",TRUE,FALSE
"1229","604",TRUE,FALSE
"1230","604.1",TRUE,FALSE
"1231","604.2",TRUE,FALSE
"1232","604.3",TRUE,FALSE
"1233","605",TRUE,FALSE
"1234","608",TRUE,FALSE
"1235","609",TRUE,FALSE
"1236","609.1",TRUE,FALSE
"1237","609.11",TRUE,FALSE
"1238","609.2",TRUE,FALSE
"1239","610",FALSE,TRUE
"1240","610.1",FALSE,TRUE
"1241","610.2",FALSE,TRUE
"1242","610.3",FALSE,TRUE
"1243","610.4",FALSE,TRUE
"1244","610.8",FALSE,TRUE
"1245","611",FALSE,FALSE
"1246","611.1",FALSE,FALSE
"1247","611.11",FALSE,FALSE
"1248","611.3",FALSE,FALSE
"1249","612",FALSE,FALSE
"1250","612.1",FALSE,FALSE
"1251","612.2",FALSE,FALSE
"1252","612.3",FALSE,FALSE
"1253","613",FALSE,FALSE
"1254","613.1",FALSE,FALSE
"1255","613.5",FALSE,FALSE
"1256","613.7",FALSE,FALSE
"1257","613.8",FALSE,FALSE
"1258","613.9",FALSE,FALSE
"1259","614",FALSE,TRUE
"1260","614.1",FALSE,TRUE
"1261","614.3",FALSE,TRUE
"1262","614.31",FALSE,TRUE
"1263","614.32",FALSE,TRUE
"1264","614.33",FALSE,TRUE
"1265","614.4",FALSE,TRUE
"1266","614.5",FALSE,TRUE
"1267","614.51",FALSE,TRUE
"1268","614.52",FALSE,TRUE
"1269","614.53",FALSE,TRUE
"1270","614.54",FALSE,TRUE
"1271","615",FALSE,TRUE
"1272","618",FALSE,TRUE
"1273","618.1",FALSE,TRUE
"1274","618.2",FALSE,TRUE
"1275","618.5",FALSE,TRUE
"1276","618.6",FALSE,TRUE
"1277","619",FALSE,TRUE
"1278","619.1",FALSE,TRUE
"1279","619.2",FALSE,TRUE
"1280","619.3",FALSE,TRUE
"1281","619.4",FALSE,TRUE
"1282","619.5",FALSE,TRUE
"1283","620",FALSE,TRUE
"1284","620.1",FALSE,TRUE
"1285","621",FALSE,TRUE
"1286","622",FALSE,TRUE
"1287","622.1",FALSE,TRUE
"1288","622.2",FALSE,TRUE
"1289","623",FALSE,TRUE
"1290","624",FALSE,TRUE
"1291","624.1",FALSE,TRUE
"1292","624.2",FALSE,TRUE
"1293","624.9",FALSE,TRUE
"1294","625",FALSE,TRUE
"1295","625.1",FALSE,TRUE
"1296","626",FALSE,TRUE
"1297","626.1",FALSE,TRUE
"1298","626.11",FALSE,TRUE
"1299","626.12",FALSE,TRUE
"1300","626.13",FALSE,TRUE
"1301","626.14",FALSE,TRUE
"1302","626.15",FALSE,TRUE
"1303","626.2",FALSE,TRUE
"1304","626.21",FALSE,TRUE
"1305","626.4",FALSE,TRUE
"1306","626.8",FALSE,TRUE
"1307","627",FALSE,TRUE
"1308","627.1",FALSE,TRUE
"1309","627.2",FALSE,TRUE
"1310","627.21",FALSE,TRUE
"1311","627.22",FALSE,TRUE
"1312","627.3",FALSE,TRUE
"1313","627.4",FALSE,TRUE
"1314","627.5",FALSE,TRUE
"1315","628",FALSE,TRUE
"1316","634",FALSE,TRUE
"1317","634.1",FALSE,TRUE
"1318","634.3",FALSE,TRUE
"1319","635",FALSE,TRUE
"1320","635.2",FALSE,TRUE
"1321","635.3",FALSE,TRUE
"1322","636",FALSE,TRUE
"1323","636.1",FALSE,TRUE
"1324","636.2",FALSE,TRUE
"1325","636.3",FALSE,TRUE
"1326","636.8",FALSE,TRUE
"1327","637",FALSE,FALSE
"1328","642",FALSE,TRUE
"1329","642.1",FALSE,TRUE
"1330","643",FALSE,TRUE
"1331","643.1",FALSE,TRUE
"1332","644",FALSE,TRUE
"1333","646",FALSE,TRUE
"1334","647",FALSE,TRUE
"1335","647.1",FALSE,TRUE
"1336","647.3",FALSE,TRUE
"1337","649",FALSE,TRUE
"1338","649.1",FALSE,TRUE
"1339","653",FALSE,TRUE
"1340","654",FALSE,TRUE
"1341","654.1",FALSE,TRUE
"1342","654.2",FALSE,TRUE
"1343","655",FALSE,TRUE
"1344","655.1",FALSE,TRUE
"1345","656",FALSE,FALSE
"1346","656.1",FALSE,FALSE
"1347","656.2",FALSE,FALSE
"1348","656.22",FALSE,FALSE
"1349","656.26",FALSE,FALSE
"1350","656.3",FALSE,FALSE
"1351","656.4",FALSE,FALSE
"1352","656.5",FALSE,FALSE
"1353","656.6",FALSE,FALSE
"1354","656.7",FALSE,FALSE
"1355","656.8",FALSE,FALSE
"1356","656.9",FALSE,FALSE
"1357","657",FALSE,FALSE
"1358","669",FALSE,TRUE
"1359","671",FALSE,TRUE
"1360","674",FALSE,TRUE
"1361","676",FALSE,TRUE
"1362","681",FALSE,FALSE
"1363","681.1",FALSE,FALSE
"1364","681.2",FALSE,FALSE
"1365","681.3",FALSE,FALSE
"1366","681.5",FALSE,FALSE
"1367","681.6",FALSE,FALSE
"1368","681.7",FALSE,FALSE
"1369","686",FALSE,FALSE
"1370","686.1",FALSE,FALSE
"1371","686.2",FALSE,FALSE
"1372","686.3",FALSE,FALSE
"1373","686.4",FALSE,FALSE
"1374","686.5",FALSE,FALSE
"1375","687",FALSE,FALSE
"1376","687.1",FALSE,FALSE
"1377","687.3",FALSE,FALSE
"1378","687.4",FALSE,FALSE
"1379","689",FALSE,FALSE
"1380","690",FALSE,FALSE
"1381","690.1",FALSE,FALSE
"1382","691",FALSE,FALSE
"1383","691.1",FALSE,FALSE
"1384","691.3",FALSE,FALSE
"1385","694",FALSE,FALSE
"1386","694.1",FALSE,FALSE
"1387","694.2",FALSE,FALSE
"1388","694.3",FALSE,FALSE
"1389","695",FALSE,FALSE
"1390","695.1",FALSE,FALSE
"1391","695.2",FALSE,FALSE
"1392","695.21",FALSE,FALSE
"1393","695.22",FALSE,FALSE
"1394","695.3",FALSE,FALSE
"1395","695.4",FALSE,FALSE
"1396","695.41",FALSE,FALSE
"1397","695.42",FALSE,FALSE
"1398","695.7",FALSE,FALSE
"1399","695.8",FALSE,FALSE
"1400","695.81",FALSE,FALSE
"1401","695.9",FALSE,FALSE
"1402","696",FALSE,FALSE
"1403","696.2",FALSE,FALSE
"1404","696.3",FALSE,FALSE
"1405","696.4",FALSE,FALSE
"1406","696.41",FALSE,FALSE
"1407","696.42",FALSE,FALSE
"1408","697",FALSE,FALSE
"1409","698",FALSE,FALSE
"1410","700",FALSE,FALSE
"1411","701",FALSE,FALSE
"1412","701.1",FALSE,FALSE
"1413","701.2",FALSE,FALSE
"1414","701.3",FALSE,FALSE
"1415","701.4",FALSE,FALSE
"1416","701.5",FALSE,FALSE
"1417","701.6",FALSE,FALSE
"1418","702",FALSE,FALSE
"1419","702.1",FALSE,FALSE
"1420","702.2",FALSE,FALSE
"1421","702.4",FALSE,FALSE
"1422","703",FALSE,FALSE
"1423","703.1",FALSE,FALSE
"1424","704",FALSE,FALSE
"1425","704.1",FALSE,FALSE
"1426","704.11",FALSE,FALSE
"1427","704.12",FALSE,FALSE
"1428","704.2",FALSE,FALSE
"1429","704.8",FALSE,FALSE
"1430","705",FALSE,FALSE
"1431","705.1",FALSE,FALSE
"1432","705.3",FALSE,FALSE
"1433","705.8",FALSE,FALSE
"1434","706",FALSE,FALSE
"1435","706.1",FALSE,FALSE
"1436","706.2",FALSE,FALSE
"1437","706.3",FALSE,FALSE
"1438","706.8",FALSE,FALSE
"1439","707",FALSE,FALSE
"1440","707.1",FALSE,FALSE
"1441","707.2",FALSE,FALSE
"1442","707.3",FALSE,FALSE
"1443","709",FALSE,FALSE
"1444","709.2",FALSE,FALSE
"1445","709.3",FALSE,FALSE
"1446","709.4",FALSE,FALSE
"1447","709.5",FALSE,FALSE
"1448","709.6",FALSE,FALSE
"1449","709.7",FALSE,FALSE
"1450","710",FALSE,FALSE
"1451","710.1",FALSE,FALSE
"1452","710.11",FALSE,FALSE
"1453","710.12",FALSE,FALSE
"1454","710.19",FALSE,FALSE
"1455","710.2",FALSE,FALSE
"1456","710.3",FALSE,FALSE
"1457","711",FALSE,FALSE
"1458","711.1",FALSE,FALSE
"1459","711.2",FALSE,FALSE
"1460","711.3",FALSE,FALSE
"1461","712",FALSE,FALSE
"1462","713",FALSE,FALSE
"1463","713.5",FALSE,FALSE
"1464","714",FALSE,FALSE
"1465","714.1",FALSE,FALSE
"1466","714.2",FALSE,FALSE
"1467","715",FALSE,FALSE
"1468","715.1",FALSE,FALSE
"1469","715.2",FALSE,FALSE
"1470","715.3",FALSE,FALSE
"1471","716",FALSE,FALSE
"1472","716.1",FALSE,FALSE
"1473","716.2",FALSE,FALSE
"1474","716.3",FALSE,FALSE
"1475","716.8",FALSE,FALSE
"1476","716.9",FALSE,FALSE
"1477","717",FALSE,FALSE
"1478","720",FALSE,FALSE
"1479","720.1",FALSE,FALSE
"1480","721",FALSE,FALSE
"1481","721.1",FALSE,FALSE
"1482","721.2",FALSE,FALSE
"1483","721.8",FALSE,FALSE
"1484","722",FALSE,FALSE
"1485","722.1",FALSE,FALSE
"1486","722.3",FALSE,FALSE
"1487","722.6",FALSE,FALSE
"1488","722.7",FALSE,FALSE
"1489","722.8",FALSE,FALSE
"1490","722.9",FALSE,FALSE
"1491","723",FALSE,FALSE
"1492","723.1",FALSE,FALSE
"1493","724",FALSE,FALSE
"1494","724.1",FALSE,FALSE
"1495","724.2",FALSE,FALSE
"1496","724.8",FALSE,FALSE
"1497","724.9",FALSE,FALSE
"1498","726",FALSE,FALSE
"1499","726.1",FALSE,FALSE
"1500","726.2",FALSE,FALSE
"1501","726.3",FALSE,FALSE
"1502","726.4",FALSE,FALSE
"1503","727",FALSE,FALSE
"1504","727.1",FALSE,FALSE
"1505","727.2",FALSE,FALSE
"1506","727.4",FALSE,FALSE
"1507","727.5",FALSE,FALSE
"1508","727.6",FALSE,FALSE
"1509","727.7",FALSE,FALSE
"1510","727.8",FALSE,FALSE
"1511","728",FALSE,FALSE
"1512","728.1",FALSE,FALSE
"1513","728.2",FALSE,FALSE
"1514","728.7",FALSE,FALSE
"1515","728.71",FALSE,FALSE
"1516","729",FALSE,FALSE
"1517","729.1",FALSE,FALSE
"1518","729.3",FALSE,FALSE
"1519","729.7",FALSE,FALSE
"1520","731",FALSE,FALSE
"1521","731.1",FALSE,FALSE
"1522","732",FALSE,FALSE
"1523","732.1",FALSE,FALSE
"1524","732.7",FALSE,FALSE
"1525","733",FALSE,FALSE
"1526","733.2",FALSE,FALSE
"1527","733.4",FALSE,FALSE
"1528","733.6",FALSE,FALSE
"1529","733.8",FALSE,FALSE
"1530","733.9",FALSE,FALSE
"1531","735",FALSE,FALSE
"1532","735.1",FALSE,FALSE
"1533","735.2",FALSE,FALSE
"1534","735.21",FALSE,FALSE
"1535","735.22",FALSE,FALSE
"1536","735.23",FALSE,FALSE
"1537","735.3",FALSE,FALSE
"1538","736",FALSE,FALSE
"1539","736.1",FALSE,FALSE
"1540","736.2",FALSE,FALSE
"1541","736.3",FALSE,FALSE
"1542","736.4",FALSE,FALSE
"1543","736.5",FALSE,FALSE
"1544","736.6",FALSE,FALSE
"1545","737",FALSE,FALSE
"1546","737.1",FALSE,FALSE
"1547","737.2",FALSE,FALSE
"1548","737.3",FALSE,FALSE
"1549","738",FALSE,FALSE
"1550","738.4",FALSE,FALSE
"1551","739",FALSE,FALSE
"1552","740",FALSE,FALSE
"1553","740.1",FALSE,FALSE
"1554","740.11",FALSE,FALSE
"1555","740.12",FALSE,FALSE
"1556","740.2",FALSE,FALSE
"1557","740.3",FALSE,FALSE
"1558","740.9",FALSE,FALSE
"1559","741",FALSE,FALSE
"1560","741.1",FALSE,FALSE
"1561","741.2",FALSE,FALSE
"1562","741.3",FALSE,FALSE
"1563","741.4",FALSE,FALSE
"1564","741.5",FALSE,FALSE
"1565","741.6",FALSE,FALSE
"1566","742",FALSE,FALSE
"1567","742.1",FALSE,FALSE
"1568","742.2",FALSE,FALSE
"1569","742.8",FALSE,FALSE
"1570","742.9",FALSE,FALSE
"1571","743",FALSE,FALSE
"1572","743.1",FALSE,FALSE
"1573","743.11",FALSE,FALSE
"1574","743.12",FALSE,FALSE
"1575","743.13",FALSE,FALSE
"1576","743.2",FALSE,FALSE
"1577","743.21",FALSE,FALSE
"1578","743.22",FALSE,FALSE
"1579","743.4",FALSE,FALSE
"1580","743.9",FALSE,FALSE
"1581","745",FALSE,FALSE
"1582","747",FALSE,FALSE
"1583","747.1",FALSE,FALSE
"1584","747.11",FALSE,FALSE
"1585","747.12",FALSE,FALSE
"1586","747.13",FALSE,FALSE
"1587","747.2",FALSE,FALSE
"1588","748",FALSE,FALSE
"1589","749",FALSE,FALSE
"1590","749.1",FALSE,FALSE
"1591","749.2",FALSE,FALSE
"1592","750",FALSE,FALSE
"1593","750.1",FALSE,FALSE
"1594","750.11",FALSE,FALSE
"1595","750.13",FALSE,FALSE
"1596","750.14",FALSE,FALSE
"1597","750.15",FALSE,FALSE
"1598","750.2",FALSE,FALSE
"1599","750.21",FALSE,FALSE
"1600","750.22",FALSE,FALSE
"1601","750.5",FALSE,FALSE
"1602","751",FALSE,FALSE
"1603","751.1",FALSE,FALSE
"1604","751.11",FALSE,TRUE
"1605","751.12",TRUE,FALSE
"1606","751.2",FALSE,FALSE
"1607","751.21",FALSE,FALSE
"1608","751.22",FALSE,FALSE
"1609","751.3",FALSE,FALSE
"1610","752",FALSE,FALSE
"1611","752.1",FALSE,FALSE
"1612","752.11",FALSE,FALSE
"1613","752.2",FALSE,FALSE
"1614","753",FALSE,FALSE
"1615","753.1",FALSE,FALSE
"1616","753.2",FALSE,FALSE
"1617","754",FALSE,FALSE
"1618","754.1",FALSE,FALSE
"1619","754.2",FALSE,FALSE
"1620","755",FALSE,FALSE
"1621","755.1",FALSE,FALSE
"1622","755.3",FALSE,FALSE
"1623","755.4",FALSE,FALSE
"1624","755.6",FALSE,FALSE
"1625","755.61",FALSE,FALSE
"1626","756",FALSE,FALSE
"1627","756.1",FALSE,FALSE
"1628","756.2",FALSE,FALSE
"1629","756.21",FALSE,FALSE
"1630","756.22",FALSE,FALSE
"1631","756.3",FALSE,FALSE
"1632","756.5",FALSE,FALSE
"1633","757",FALSE,FALSE
"1634","758",FALSE,FALSE
"1635","758.1",FALSE,FALSE
"1636","759",FALSE,FALSE
"1637","759.1",FALSE,FALSE
"1638","760",FALSE,FALSE
"1639","761",FALSE,FALSE
"1640","763",FALSE,FALSE
"1641","764",FALSE,FALSE
"1642","765",FALSE,FALSE
"1643","766",FALSE,FALSE
"1644","767",FALSE,FALSE
"1645","769",FALSE,FALSE
"1646","770",FALSE,FALSE
"1647","771",FALSE,FALSE
"1648","771.1",FALSE,FALSE
"1649","771.2",FALSE,FALSE
"1650","772",FALSE,FALSE
"1651","772.1",FALSE,FALSE
"1652","772.2",FALSE,FALSE
"1653","772.3",FALSE,FALSE
"1654","772.4",FALSE,FALSE
"1655","772.6",FALSE,FALSE
"1656","780",FALSE,FALSE
"1657","781",FALSE,FALSE
"1658","781.1",FALSE,FALSE
"1659","781.2",FALSE,FALSE
"1660","782",FALSE,FALSE
"1661","782.3",FALSE,FALSE
"1662","782.6",FALSE,FALSE
"1663","783",FALSE,FALSE
"1664","783.1",FALSE,FALSE
"1665","785",FALSE,FALSE
"1666","788",FALSE,FALSE
"1667","789",FALSE,FALSE
"1668","789.1",FALSE,FALSE
"1669","790",FALSE,FALSE
"1670","790.1",FALSE,FALSE
"1671","790.6",FALSE,FALSE
"1672","790.8",FALSE,FALSE
"1673","790.9",FALSE,FALSE
"1674","791",FALSE,FALSE
"1675","792",FALSE,TRUE
"1676","792.1",FALSE,TRUE
"1677","794",FALSE,FALSE
"1678","795",FALSE,FALSE
"1679","795.8",FALSE,FALSE
"1680","795.81",FALSE,FALSE
"1681","795.82",FALSE,FALSE
"1682","796",TRUE,FALSE
"1683","797",FALSE,FALSE
"1684","797.1",FALSE,FALSE
"1685","798",FALSE,FALSE
"1686","798.1",FALSE,FALSE
"1687","800",FALSE,FALSE
"1688","800.1",FALSE,FALSE
"1689","800.2",FALSE,FALSE
"1690","800.3",FALSE,FALSE
"1691","800.4",FALSE,FALSE
"1692","801",FALSE,FALSE
"1693","801.1",FALSE,FALSE
"1694","802",FALSE,FALSE
"1695","803",FALSE,FALSE
"1696","803.1",FALSE,FALSE
"1697","803.2",FALSE,FALSE
"1698","803.21",FALSE,FALSE
"1699","803.3",FALSE,FALSE
"1700","804",FALSE,FALSE
"1701","805",FALSE,FALSE
"1702","807",FALSE,FALSE
"1703","809",FALSE,FALSE
"1704","816",FALSE,FALSE
"1705","817",FALSE,FALSE
"1706","818",FALSE,FALSE
"1707","818.1",FALSE,FALSE
"1708","818.2",FALSE,FALSE
"1709","819",FALSE,FALSE
"1710","823",FALSE,FALSE
"1711","830",FALSE,FALSE
"1712","835",FALSE,FALSE
"1713","836",FALSE,FALSE
"1714","840",FALSE,FALSE
"1715","840.1",FALSE,FALSE
"1716","840.2",FALSE,FALSE
"1717","840.3",FALSE,FALSE
"1718","841",FALSE,FALSE
"1719","842",FALSE,FALSE
"1720","850",FALSE,FALSE
"1721","851",FALSE,FALSE
"1722","853",FALSE,FALSE
"1723","854",FALSE,FALSE
"1724","855",FALSE,FALSE
"1725","856",FALSE,FALSE
"1726","857",FALSE,FALSE
"1727","858",FALSE,FALSE
"1728","859",FALSE,FALSE
"1729","860",FALSE,FALSE
"1730","870",FALSE,FALSE
"1731","870.1",FALSE,FALSE
"1732","870.2",FALSE,FALSE
"1733","870.3",FALSE,FALSE
"1734","870.4",FALSE,FALSE
"1735","870.5",FALSE,FALSE
"1736","870.6",FALSE,FALSE
"1737","870.8",FALSE,FALSE
"1738","871",FALSE,FALSE
"1739","871.1",FALSE,FALSE
"1740","871.2",FALSE,FALSE
"1741","871.3",FALSE,FALSE
"1742","871.4",FALSE,FALSE
"1743","872",FALSE,FALSE
"1744","874",FALSE,FALSE
"1745","875",FALSE,FALSE
"1746","876",FALSE,FALSE
"1747","905",FALSE,FALSE
"1748","907",FALSE,FALSE
"1749","910",FALSE,FALSE
"1750","911",FALSE,FALSE
"1751","912",FALSE,FALSE
"1752","913",FALSE,FALSE
"1753","916",FALSE,FALSE
"1754","930",FALSE,FALSE
"1755","931",FALSE,FALSE
"1756","938",FALSE,FALSE
"1757","938.1",FALSE,FALSE
"1758","938.2",FALSE,FALSE
"1759","939",FALSE,FALSE
"1760","939.1",FALSE,FALSE
"1761","941",FALSE,FALSE
"1762","942",FALSE,FALSE
"1763","946",FALSE,FALSE
"1764","947",FALSE,FALSE
"1765","949",FALSE,FALSE
"1766","949.1",FALSE,FALSE
"1767","952",FALSE,FALSE
"1768","957",FALSE,FALSE
"1769","958",FALSE,FALSE
"1770","958.1",FALSE,FALSE
"1771","958.2",FALSE,FALSE
"1772","960",FALSE,FALSE
"1773","960.1",FALSE,FALSE
"1774","960.2",FALSE,FALSE
"1775","960.3",FALSE,FALSE
"1776","961",FALSE,FALSE
"1777","961.1",FALSE,FALSE
"1778","962",FALSE,FALSE
"1779","962.1",FALSE,FALSE
"1780","962.2",FALSE,FALSE
"1781","962.3",FALSE,FALSE
"1782","963",FALSE,FALSE
"1783","963.1",FALSE,FALSE
"1784","964",FALSE,FALSE
"1785","964.1",FALSE,FALSE
"1786","965",FALSE,FALSE
"1787","965.1",FALSE,FALSE
"1788","965.2",FALSE,FALSE
"1789","965.3",FALSE,FALSE
"1790","966",FALSE,FALSE
"1791","967",FALSE,FALSE
"1792","969",FALSE,FALSE
"1793","971",FALSE,FALSE
"1794","972",FALSE,FALSE
"1795","972.1",FALSE,FALSE
"1796","972.2",FALSE,FALSE
"1797","972.6",FALSE,FALSE
"1798","973",FALSE,FALSE
"1799","974",FALSE,FALSE
"1800","975",FALSE,FALSE
"1801","976",FALSE,FALSE
"1802","977",FALSE,FALSE
"1803","979",FALSE,FALSE
"1804","980",FALSE,FALSE
"1805","981",FALSE,FALSE
"1806","983",FALSE,FALSE
"1807","984",FALSE,FALSE
"1808","985",FALSE,FALSE
"1809","986",FALSE,FALSE
"1810","987",FALSE,FALSE
"1811","988",FALSE,FALSE
"1812","989",FALSE,FALSE
"1813","990",FALSE,FALSE
"1814","994",FALSE,FALSE
"1815","994.1",FALSE,FALSE
"1816","994.2",FALSE,FALSE
"1817","994.21",FALSE,FALSE
